编号,优先级,问题描述,原项目对比,影响,建议修复方案,证据,状态
1,P0,影织真实画布被重定向到登录页且 bootstrap/status 返回404,原项目可进入本地画布,普通用户无法验收真实画布和生成链路,检查认证和API基地址并补齐接口后做真实登录回归,影织-真实未登录-登录页.png;metrics.json,待修复
2,P1,Delete/Backspace 删除快捷键失效,原项目支持删除选中节点,核心编辑操作不可用,修正事件焦点判断与选中状态同步,metrics.json keyboard,待修复
3,P1,Escape 取消选择失效,原项目可清理编辑状态,选中框和调整手柄无法快速清除,修复Escape在按钮/菜单焦点下的处理,metrics.json keyboard,待修复
4,P1,Ctrl/Cmd+C/V、D、Z、Shift+Z、A快捷键未实现或未观察到,原项目至少支持复制粘贴,生产效率明显下降,增加统一快捷键层以及撤销重做栈,原项目-快捷键面板.png;源码检查,待修复
5,P1,节点视觉结构与原项目差异明显,原项目深色节点和外部标题,视觉复刻验收不通过,统一节点主题标题圆角阴影和内部布局,原项目-文本节点.png;影织-文本节点.png,待评估
6,P1,仅有右下角一个调整手柄且无左右连接点,原项目有多调整区域和连接点,调整精度和组织节点能力下降,增加四角/边中调整和连接点,影织-节点-选中状态.png;原项目-节点-选中状态.png,待修复
7,P1,H/V快捷键受焦点影响,H/V应稳定切换工具,键盘工作流不稳定,在页面级统一处理工具快捷键并只在真实编辑控件内屏蔽,metrics.json zoom,待修复
8,P2,默认节点尺寸不一致,文本340x240 vs 300x200等,版式和空间占用不同,按目标基准统一默认尺寸或提供配置,metrics.json,待评估
9,P2,网格密度不一致,原项目48px vs 影织40px,空间感和视觉比例不同,统一网格密度或提供密度设置,metrics.json,待评估
10,P2,工具栏位置和入口分布不一致,原项目底部偏右且工具集中,影织左上工具栏加顶部快速按钮,操作习惯不一致,确认以原项目复刻还是影织统一风格为设计目标,原项目-工具栏.png;影织-工具栏.png,待评估
11,P2,八节点螺旋散布仍有重叠,节点尺寸大于相邻中心间距,节点较多时可读性下降,依据节点宽高动态计算半径并做碰撞避让,原项目-8个文本节点分布.png;影织-8个文本节点分布.png,待优化
12,P2,原项目和影织整体主题不同,原项目深色工作台节点、影织浅色卡片,对比时一致性低,明确复刻目标或完善影织统一设计规范,节点对比截图,待评估
13,P3,缺少节点创建/复制动画,原项目未要求但可增强,空间变化反馈较弱,增加淡入或位移动画,交互观察,建议
14,P3,缺少快捷键帮助面板,原项目有快捷键面板,新用户学习成本更高,添加帮助入口并与实际快捷键保持一致,原项目-快捷键面板.png,建议
15,P3,缺少框选、对齐、分布和吸附辅助线,原项目未完整验证但适合多节点工作流,批量排版效率有限,增加选择框和布局辅助,交互观察,建议
